id,name,r,g,b
1,6b,138,218,135
2,A13,242,72,59
3,AAA,128,192,226
4,ACA,64,166,102
5,ACA1,64,166,102
6,ACA2/3,64,166,102
7,ACA5,64,166,102
8,ACA6a,64,166,102
9,ACA6b,64,166,102
10,ACAd,64,166,102
11,ACAd1,64,166,102
12,ACAd2/3,64,166,102
13,ACAd5,64,166,102
14,ACAd6a,64,166,102
15,ACAd6b,64,166,102
16,ACAv,64,166,102
17,ACAv1,64,166,102
18,ACAv2/3,64,166,102
19,ACAv5,64,166,102
20,ACAv6a,64,166,102
21,ACAv6b,64,166,102
22,ACB,128,205,248
23,ACVI,255,179,217
24,ACVII,255,179,217
25,AD,255,144,159
26,ADP,255,85,71
27,AHA,255,85,71
28,AHN,255,76,62
29,AHNa,255,76,62
30,AHNc,255,76,62
31,AHNd,255,76,62
32,AHNp,255,76,62
33,AI,33,152,102
34,AId,33,152,102
35,AId1,33,152,102
36,AId2/3,33,152,102
37,AId5,33,152,102
38,AId6a,33,152,102
39,AId6b,33,152,102
40,AIp,33,152,102
41,AIp1,33,152,102
42,AIp2/3,33,152,102
43,AIp5,33,152,102
44,AIp6a,33,152,102
45,AIp6b,33,152,102
46,AIv,33,152,102
47,AIv1,33,152,102
48,AIv2/3,33,152,102
49,AIv5,33,152,102
50,AIv6a,33,152,102
51,AIv6b,33,152,102
52,AM,255,144,159
53,AMB,255,179,217
54,AMBd,255,179,217
55,AMBv,255,179,217
56,AMd,255,144,159
57,AMv,255,144,159
58,AN,255,252,145
59,ANcr1,255,252,145
60,ANcr1gr,236,231,84
61,ANcr1mo,255,252,145
62,ANcr1pu,255,252,145
63,ANcr2,255,252,145
64,ANcr2gr,236,231,84
65,ANcr2mo,255,252,145
66,ANcr2pu,255,252,145
67,AOB,157,240,210
68,AOBgl,157,240,210
69,AOBgr,149,228,200
70,AOBmi,157,240,210
71,AON,84,191,148
72,AON1,84,191,148
73,AON2,84,191,148
74,AONd,84,191,148
75,AONe,84,191,148
76,AONl,84,191,148
77,AONm,84,191,148
78,AONpv,84,191,148
79,AP,255,165,210
80,APN,255,144,255
81,APr,51,185,50
82,AQ,170,170,170
83,ARH,255,93,80
84,ASO,255,93,80
85,AT,255,144,255
86,ATN,255,144,159
87,AUD,1,147,153
88,AUDd,1,147,153
89,AUDd1,1,147,153
90,AUDd2/3,1,147,153
91,AUDd4,1,147,153
92,AUDd5,1,147,153
93,AUDd6a,1,147,153
94,AUDd6b,1,147,153
95,AUDp,1,147,153
96,AUDp1,1,147,153
97,AUDp2/3,1,147,153
98,AUDp4,1,147,153
99,AUDp5,1,147,153
100,AUDp6a,1,147,153
101,AUDp6b,1,147,153
102,AUDpo,1,147,153
103,AUDpo1,1,147,153
104,AUDpo2/3,1,147,153
105,AUDpo4,1,147,153
106,AUDpo5,1,147,153
107,AUDpo6a,1,147,153
108,AUDpo6b,1,147,153
109,AUDv,1,147,153
110,AUDv1,1,147,153
111,AUDv2/3,1,147,153
112,AUDv4,1,147,153
113,AUDv5,1,147,153
114,AUDv6a,1,147,153
115,AUDv6b,1,147,153
116,AV,255,144,159
117,AVP,255,85,71
118,AVPV,255,85,71
119,Acs5,255,186,134
120,B,255,186,134
121,BA,128,192,226
122,BAC,179,192,223
123,BLA,157,231,156
124,BLAa,157,231,156
125,BLAp,157,231,156
126,BLAv,157,231,156
127,BMA,132,234,129
128,BMAa,132,234,129
129,BMAp,132,234,129
130,BS,255,112,128
131,BST,179,192,223
132,BSTa,179,192,223
133,BSTal,179,192,223
134,BSTam,179,192,223
135,BSTd,179,192,223
136,BSTdm,179,192,223
137,BSTfu,179,192,223
138,BSTif,179,192,223
139,BSTju,179,192,223
140,BSTmg,179,192,223
141,BSTov,179,192,223
142,BSTp,179,192,223
143,BSTpr,179,192,223
144,BSTrh,179,192,223
145,BSTse,179,192,223
146,BSTtr,179,192,223
147,BSTv,179,192,223
148,CA,126,208,75
149,CA1,126,208,75
150,CA1slm,126,208,75
151,CA1so,126,208,75
152,CA1sp,102,168,61
153,CA1sr,126,208,75
154,CA2,126,208,75
155,CA2slm,126,208,75
156,CA2so,126,208,75
157,CA2sp,102,168,61
158,CA2sr,126,208,75
159,CA3,126,208,75
160,CA3slm,126,208,75
161,CA3slu,126,208,75
162,CA3so,126,208,75
163,CA3sp,102,168,61
164,CA3sr,126,208,75
165,CB,240,240,128
166,CBN,240,240,128
167,CBX,240,240,128
168,CBXgr,236,231,84
169,CBXmo,255,252,145
170,CBXpu,255,252,145
171,CEA,128,192,226
172,CEAc,128,192,226
173,CEAl,128,192,226
174,CEAm,128,192,226
175,CENT,255,252,145
176,CENT2,255,252,145
177,CENT2gr,236,231,84
178,CENT2mo,255,252,145
179,CENT2pu,255,252,145
180,CENT3,255,252,145
181,CENT3gr,236,231,84
182,CENT3mo,255,252,145
183,CENT3pu,255,252,145
184,CH,176,240,255
185,CL,255,144,159
186,CLA,138,218,135
187,CLI,255,166,255
188,CM,255,144,159
189,CN,255,165,210
190,CNU,152,214,249
191,CNlam,255,165,210
192,CNspg,255,165,210
193,COA,97,231,183
194,COAa,97,231,183
195,COAa1,97,231,183
196,COAa2,97,231,183
197,COAa3,97,231,183
198,COAp,97,231,183
199,COApl,97,231,183
200,COApl1,97,231,183
201,COApl1-2,97,231,183
202,COApl1-3,97,231,183
203,COApl2,97,231,183
204,COApl3,97,231,183
205,COApm,97,231,183
206,COApm1,97,231,183
207,COApm1-2,97,231,183
208,COApm1-3,97,231,183
209,COApm2,97,231,183
210,COApm3,97,231,183
211,COPY,255,252,145
212,COPYgr,236,231,84
213,COPYmo,255,252,145
214,COPYpu,255,252,145
215,CP,152,214,249
216,CS,255,195,149
217,CSl,255,195,149
218,CSm,255,195,149
219,CTX,176,255,184
220,CTXpl,112,255,112
221,CTXsp,138,218,135
222,CU,255,165,210
223,CUL,255,252,145
224,CUL4,255,252,145
225,"CUL4, 5",255,252,145
226,"CUL4, 5gr",236,231,84
227,"CUL4, 5mo",255,252,145
228,"CUL4, 5pu",255,252,145
229,CUL4gr,236,231,84
230,CUL4mo,255,252,145
231,CUL4pu,255,252,145
232,CUL5,255,252,145
233,CUL5gr,236,231,84
234,CUL5mo,255,252,145
235,CUL5pu,255,252,145
236,CUN,255,144,255
237,DCN,255,165,210
238,DCO,255,165,210
239,DEC,255,252,145
240,DECgr,236,231,84
241,DECmo,255,252,145
242,DECpu,255,252,145
243,DG,126,208,75
244,DG-mo,126,208,75
245,DG-po,126,208,75
246,DG-sg,102,168,61
247,DG-sgz,126,208,75
248,DGcr,126,208,75
249,DGcr-mo,126,208,75
250,DGcr-po,126,208,75
251,DGcr-sg,126,208,75
252,DGlb,126,208,75
253,DGlb-mo,126,208,75
254,DGlb-po,126,208,75
255,DGlb-sg,126,208,75
256,DGmb,126,208,75
257,DGmb-mo,126,208,75
258,DGmb-po,126,208,75
259,DGmb-sg,126,208,75
260,DMH,255,85,71
261,DMHa,255,85,71
262,DMHp,255,85,71
263,DMHv,255,85,71
264,DMX,255,179,217
265,DN,255,253,188
266,DORpm,255,144,159
267,DORsm,255,128,132
268,DP,164,218,164
269,DP1,164,218,164
270,DP2,164,218,164
271,DP2/3,164,218,164
272,DP5,164,218,164
273,DP6a,164,218,164
274,DR,255,166,255
275,DT,255,144,255
276,DTN,255,186,134
277,ECO,255,179,217
278,ECT,13,159,145
279,ECT1,13,159,145
280,ECT2/3,13,159,145
281,ECT5,13,159,145
282,ECT6a,13,159,145
283,ECT6b,13,159,145
284,ECU,255,165,210
285,ENT,50,184,37
286,ENTl,50,184,37
287,ENTl1,50,184,37
288,ENTl2,50,184,37
289,ENTl2/3,50,184,37
290,ENTl2a,50,184,37
291,ENTl2b,50,184,37
292,ENTl3,50,184,37
293,ENTl4,50,184,37
294,ENTl4/5,50,184,37
295,ENTl5,50,184,37
296,ENTl5/6,50,184,37
297,ENTl6a,50,184,37
298,ENTl6b,50,184,37
299,ENTm,50,184,37
300,ENTm1,50,184,37
301,ENTm2,50,184,37
302,ENTm2a,50,184,37
303,ENTm2b,50,184,37
304,ENTm3,50,184,37
305,ENTm4,50,184,37
306,ENTm5,50,184,37
307,ENTm5/6,50,184,37
308,ENTm6,50,184,37
309,ENTmv,50,184,37
310,ENTmv1,50,184,37
311,ENTmv2,50,184,37
312,ENTmv3,50,184,37
313,ENTmv4,50,184,37
314,ENTmv5/6,50,184,37
315,EP,160,238,157
316,EPI,255,144,159
317,EPd,160,238,157
318,EPv,160,238,157
319,EV,255,179,217
320,EW,255,144,255
321,Eth,255,144,159
322,FC,126,208,75
323,FF,242,72,59
324,FL,255,252,145
325,FLgr,236,231,84
326,FLmo,255,252,145
327,FLpu,255,252,145
328,FN,255,253,188
329,FOTU,255,252,145
330,FOTUgr,236,231,84
331,FOTUmo,255,252,145
332,FOTUpu,255,252,145
333,FRP,38,143,69
334,FRP1,38,143,69
335,FRP2/3,38,143,69
336,FRP5,38,143,69
337,FRP6a,38,143,69
338,FRP6b,38,143,69
339,FS,128,205,248
340,GENd,255,128,132
341,GENv,255,144,159
342,GPe,133,153,204
343,GPi,133,153,204
344,GR,255,165,210
345,GRN,255,179,217
346,GU,0,156,117
347,GU1,0,156,117
348,GU2/3,0,156,117
349,GU4,0,156,117
350,GU5,0,156,117
351,GU6a,0,156,117
352,GU6b,0,156,117
353,HATA,51,185,50
354,HB,255,155,136
355,HEM,255,252,145
356,HIP,126,208,75
357,HPF,126,208,75
358,HY,230,68,56
359,I5,255,186,134
360,IA,128,192,226
361,IAD,255,144,159
362,IAM,255,144,159
363,IB,255,112,128
364,IC,255,122,255
365,ICB,255,179,217
366,ICc,255,122,255
367,ICd,255,122,255
368,ICe,255,122,255
369,IF,255,166,255
370,IG,126,208,75
371,IGL,255,144,159
372,III,255,144,255
373,IIIn,204,204,204
374,IIn,204,204,204
375,ILA,89,179,99
376,ILA1,89,179,99
377,ILA2,89,179,99
378,ILA2/3,89,179,99
379,ILA5,89,179,99
380,ILA6a,89,179,99
381,ILA6b,89,179,99
382,ILM,255,144,159
383,IMD,255,144,159
384,INC,255,144,255
385,INV,255,179,217
386,IO,255,179,217
387,IP,255,253,188
388,IPA,255,166,255
389,IPC,255,166,255
390,IPDL,255,166,255
391,IPDM,255,166,255
392,IPF,170,170,170
393,IPI,255,166,255
394,IPL,255,166,255
395,IPN,255,166,255
396,IPR,255,166,255
397,IPRL,255,166,255
398,IRN,255,179,217
399,ISN,255,179,217
400,IV,255,144,255
401,IVF,170,170,170
402,IVd,204,204,204
403,IVn,204,204,204
404,IXn,204,204,204
405,In,204,204,204
406,InCo,255,144,255
407,IntG,255,144,159
408,Isocortex,112,255,113
409,KF,255,174,111
410,LA,144,235,141
411,LAT,255,144,159
412,LAV,255,179,217
413,LC,255,195,149
414,LD,255,144,159
415,LDT,255,195,149
416,LGd,255,128,132
417,LGd-co,255,128,132
418,LGd-ip,255,128,132
419,LGd-sh,255,128,132
420,LGv,255,144,159
421,LGvl,255,144,159
422,LGvm,255,144,159
423,LH,255,144,159
424,LHA,242,72,59
425,LIN,255,179,217
426,LING,255,252,145
427,LINGgr,236,231,84
428,LINGmo,255,252,145
429,LINGpu,255,252,145
430,LM,255,76,62
431,LP,255,144,159
432,LPO,242,72,59
433,LRN,255,179,217
434,LRNm,255,179,217
435,LRNp,255,179,217
436,LS,144,203,237
437,LSS,128,205,248
438,LSX,144,203,237
439,LSc,144,203,237
440,LSr,144,203,237
441,LSv,144,203,237
442,LT,255,144,255
443,LTN,255,186,134
444,LZ,242,72,59
445,MA,162,177,216
446,MA3,255,144,255
447,MARN,255,179,217
448,MB,255,100,255
449,MBO,255,76,62
450,MBmot,255,144,255
451,MBsen,255,122,255
452,MBsta,255,144,255
453,MD,255,144,159
454,MDRN,255,179,217
455,MDRNd,255,179,217
456,MDRNv,255,179,217
457,MDc,255,144,159
458,MDl,255,144,159
459,MDm,255,144,159
460,ME,242,72,59
461,MEA,128,192,226
462,MEAad,128,192,226
463,MEAav,128,192,226
464,MEApd,128,192,226
465,MEApd-a,128,192,226
466,MEApd-b,128,192,226
467,MEApd-c,128,192,226
468,MEApv,128,192,226
469,MED,255,144,159
470,MEPO,255,85,71
471,MEV,255,122,255
472,MEZ,255,76,62
473,MG,255,128,132
474,MGd,255,128,132
475,MGm,255,128,132
476,MGv,255,128,132
477,MH,255,144,159
478,MM,255,76,62
479,MMd,255,76,62
480,MMl,255,76,62
481,MMm,255,76,62
482,MMme,255,76,62
483,MMp,255,76,62
484,MO,31,157,90
485,MO1,31,157,90
486,MO2/3,31,157,90
487,MO5,31,157,90
488,MO6a,31,157,90
489,MO6b,31,157,90
490,MOB,154,210,189
491,MOBgl,130,199,174
492,MOBgr,130,199,174
493,MOBipl,154,210,189
494,MOBmi,130,199,174
495,MOBopl,154,210,189
496,MOp,31,157,90
497,MOp1,31,157,90
498,MOp2/3,31,157,90
499,MOp5,31,157,90
500,MOp6a,31,157,90
501,MOp6b,31,157,90
502,MOs,31,157,90
503,MOs1,31,157,90
504,MOs2/3,31,157,90
505,MOs5,31,157,90
506,MOs6a,31,157,90
507,MOs6b,31,157,90
508,MPN,255,76,62
509,MPNc,255,76,62
510,MPNl,255,76,62
511,MPNm,255,76,62
512,MPO,255,85,71
513,MPT,255,144,255
514,MRN,255,144,255
515,MRNm,255,144,255
516,MRNmg,255,144,255
517,MRNp,255,144,255
518,MS,150,167,211
519,MSC,150,167,211
520,MT,255,144,255
521,MTN,255,144,159
522,MV,255,179,217
523,MY,255,155,205
524,MY-mot,255,179,217
525,MY-sat,255,198,226
526,MY-sen,255,165,210
527,NB,255,122,255
528,NC,255,93,80
529,ND,255,144,255
530,NDB,150,167,211
531,NI,255,195,149
532,NIS,255,179,217
533,NLL,255,174,111
534,NLLd,255,174,111
535,NLLh,255,174,111
536,NLLv,255,174,111
537,NLOT,149,228,200
538,NLOT1,149,228,200
539,NLOT1-3,149,228,200
540,NLOT2,149,228,200
541,NLOT3,149,228,200
542,NOD,255,252,145
543,NODgr,236,231,84
544,NODmo,255,252,145
545,NODpu,255,252,145
546,NOT,255,144,255
547,NPC,255,144,255
548,NR,255,179,217
549,NTB,255,165,210
550,NTS,255,165,210
551,NTSce,255,165,210
552,NTSco,255,165,210
553,NTSge,255,165,210
554,NTSl,255,165,210
555,NTSm,255,165,210
556,OLF,154,210,189
557,OP,255,144,255
558,ORB,36,138,94
559,ORB1,36,138,94
560,ORB2/3,36,138,94
561,ORB5,36,138,94
562,ORB6a,36,138,94
563,ORB6b,36,138,94
564,ORBl,36,138,94
565,ORBl1,36,138,94
566,ORBl2/3,36,138,94
567,ORBl5,36,138,94
568,ORBl6a,36,138,94
569,ORBl6b,36,138,94
570,ORBm,36,138,94
571,ORBm1,36,138,94
572,ORBm2,36,138,94
573,ORBm2/3,36,138,94
574,ORBm5,36,138,94
575,ORBm6a,36,138,94
576,ORBm6b,36,138,94
577,ORBv,36,138,94
578,ORBvl,36,138,94
579,ORBvl1,36,138,94
580,ORBvl2/3,36,138,94
581,ORBvl5,36,138,94
582,ORBvl6a,36,138,94
583,ORBvl6b,36,138,94
584,OT,128,205,248
585,OT1,128,205,248
586,OT1-3,128,205,248
587,OT2,128,205,248
588,OT3,128,205,248
589,OV,255,85,71
590,P,255,155,136
591,P-mot,255,186,134
592,P-sat,255,195,149
593,P-sen,255,174,111
594,P5,255,186,134
595,PA,151,236,147
596,PAA,89,218,171
597,PAA1,89,218,171
598,PAA1-3,89,218,171
599,PAA2,89,218,171
600,PAA3,89,218,171
601,PAG,255,144,255
602,PAL,133,153,204
603,PALc,179,192,223
604,PALd,133,153,204
605,PALm,150,167,211
606,PALv,162,177,216
607,PAR,114,213,105
608,PAR1,114,213,105
609,PAR2,114,213,105
610,PAR3,114,213,105
611,PARN,255,179,217
612,PAS,255,179,217
613,PB,255,174,111
614,PBG,255,122,255
615,PBl,255,174,111
616,PBlc,255,174,111
617,PBld,255,174,111
618,PBle,255,174,111
619,PBls,255,174,111
620,PBlv,255,174,111
621,PBm,255,174,111
622,PBme,255,174,111
623,PBmm,255,174,111
624,PBmv,255,174,111
625,PC5,255,186,134
626,PCG,255,186,134
627,PCN,255,144,159
628,PD,255,85,71
629,PDTg,255,186,134
630,PERI,14,150,132
631,PERI1,14,150,132
632,PERI2/3,14,150,132
633,PERI5,14,150,132
634,PERI6a,14,150,132
635,PERI6b,14,150,132
636,PF,255,144,159
637,PFL,255,252,145
638,PFLgr,236,231,84
639,PFLmo,255,252,145
640,PFLpu,255,252,145
641,PG,255,186,134
642,PGRN,255,179,217
643,PGRNd,255,179,217
644,PGRNl,255,179,217
645,PH,255,76,62
646,PHY,255,179,217
647,PIL,255,144,159
648,PIN,255,144,159
649,PIR,106,203,186
650,PIR1,106,203,186
651,PIR1-3,106,203,186
652,PIR2,106,203,186
653,PIR3,106,203,186
654,PIS,204,204,204
655,PL,47,168,80
656,PL1,47,168,80
657,PL2,47,168,80
658,PL2/3,47,168,80
659,PL5,47,168,80
660,PL6a,47,168,80
661,PL6b,47,168,80
662,PMR,255,179,217
663,PMd,255,76,62
664,PMv,255,76,62
665,PN,255,144,255
666,PO,255,144,159
667,POL,255,144,159
668,POR,255,174,111
669,POST,72,200,60
670,POST1,72,200,60
671,POST2,72,200,60
672,POST3,72,200,60
673,PP,255,128,132
674,PPN,255,166,255
675,PPT,255,144,255
676,PPY,255,179,217
677,PPYd,255,179,217
678,PPYs,255,179,217
679,PR,255,144,159
680,PRC,255,144,255
681,PRE,89,185,71
682,PRE1,89,185,71
683,PRE2,89,185,71
684,PRE3,89,185,71
685,PRM,255,252,145
686,PRMgr,236,231,84
687,PRMmo,255,252,145
688,PRMpu,255,252,145
689,PRNc,255,186,134
690,PRNr,255,195,149
691,PRNv,255,186,134
692,PRP,255,179,217
693,PRT,255,144,255
694,PS,255,85,71
695,PSCH,255,85,71
696,PST,242,72,59
697,PSTN,242,72,59
698,PSV,255,174,111
699,PT,255,144,159
700,PTLp,0,159,172
701,PTLp1,0,159,172
702,PTLp2/3,0,159,172
703,PTLp4,0,159,172
704,PTLp5,0,159,172
705,PTLp6a,0,159,172
706,PTLp6b,0,159,172
707,PVH,255,93,80
708,PVHam,255,93,80
709,PVHap,255,93,80
710,PVHd,255,76,62
711,PVHdp,255,76,62
712,PVHf,255,76,62
713,PVHlp,255,76,62
714,PVHm,255,93,80
715,PVHmm,255,93,80
716,PVHmpd,255,93,80
717,PVHmpv,255,76,62
718,PVHp,255,93,80
719,PVHpm,255,93,80
720,PVHpml,255,93,80
721,PVHpmm,255,93,80
722,PVHpv,255,93,80
723,PVR,255,85,71
724,PVT,255,144,159
725,PVZ,255,93,80
726,PVa,255,93,80
727,PVi,255,93,80
728,PVp,255,85,71
729,PVpo,255,85,71
730,PYR,255,252,145
731,PYRgr,236,231,84
732,PYRmo,255,252,145
733,PYRpu,255,252,145
734,Pa4,255,144,255
735,Pa5,255,165,210
736,PeF,242,72,59
737,PoT,255,128,132
738,ProS,88,186,72
739,ProSd,88,186,72
740,ProSd-m,88,186,72
741,ProSd-sp,86,184,75
742,ProSd-sr,88,186,72
743,ProSv,88,186,72
744,ProSv-m,88,186,72
745,ProSv-sp,86,184,75
746,Prosv-sr,88,186,72
747,RAmb,255,166,255
748,RC,170,170,170
749,RCH,242,72,59
750,RE,255,144,159
751,REth,255,144,159
752,RH,255,144,159
753,RHP,50,184,37
754,RL,255,166,255
755,RM,255,198,226
756,RN,255,144,255
757,RO,255,198,226
758,RPA,255,198,226
759,RPF,255,144,255
760,RPO,255,195,149
761,RR,255,144,255
762,RSP,26,166,152
763,RSPagl,26,166,152
764,RSPagl1,26,166,152
765,RSPagl2/3,26,166,152
766,RSPagl5,26,166,152
767,RSPagl6a,26,166,152
768,RSPagl6b,26,166,152
769,RSPd,26,166,152
770,RSPd1,26,166,152
771,RSPd2/3,26,166,152
772,RSPd4,26,166,152
773,RSPd5,26,166,152
774,RSPd6a,26,166,152
775,RSPd6b,26,166,152
776,RSPv,26,166,152
777,RSPv1,26,166,152
778,RSPv2,26,166,152
779,RSPv2/3,26,166,152
780,RSPv5,26,166,152
781,RSPv6a,26,166,152
782,RSPv6b,26,166,152
783,RT,255,144,159
784,SAG,255,122,255
785,SBPV,255,85,71
786,SCH,255,85,71
787,SCO,255,122,255
788,SCdg,255,144,255
789,SCdw,255,144,255
790,SCig,255,144,255
791,SCig-a,255,144,255
792,SCig-b,255,144,255
793,SCig-c,255,144,255
794,SCiw,255,144,255
795,SCm,255,144,255
796,SCop,255,122,255
797,SCs,255,122,255
798,SCsg,255,122,255
799,SCzo,255,122,255
800,SEZ,170,170,170
801,SF,144,203,237
802,SFO,255,85,71
803,SG,255,186,134
804,SGN,255,144,159
805,SH,144,203,237
806,SI,162,177,216
807,SIM,255,252,145
808,SIMgr,236,231,84
809,SIMmo,255,252,145
810,SIMpu,255,252,145
811,SLC,255,195,149
812,SLD,255,195,149
813,SMT,255,144,159
814,SNc,255,166,255
815,SNl,255,144,255
816,SNr,255,144,255
817,SO,255,93,80
818,SOC,255,174,111
819,SOCl,255,174,111
820,SOCm,255,174,111
821,SPA,255,128,132
822,SPF,255,128,132
823,SPFm,255,128,132
824,SPFp,255,128,132
825,SPIV,255,179,217
826,SPVC,255,165,210
827,SPVI,255,165,210
828,SPVO,255,165,210
829,SPVOcdm,255,165,210
830,SPVOmdmd,255,165,210
831,SPVOmdmv,255,165,210
832,SPVOrdm,255,165,210
833,SPVOvl,255,165,210
834,SS,24,128,100
835,SS1,24,128,100
836,SS2/3,24,128,100
837,SS4,24,128,100
838,SS5,24,128,100
839,SS6a,24,128,100
840,SS6b,24,128,100
841,SSN,255,186,134
842,SSp,24,128,100
843,SSp-bfd,24,128,100
844,SSp-bfd1,24,128,100
845,SSp-bfd2/3,24,128,100
846,SSp-bfd4,24,128,100
847,SSp-bfd5,24,128,100
848,SSp-bfd6a,24,128,100
849,SSp-bfd6b,24,128,100
850,SSp-ll,24,128,100
851,SSp-ll1,24,128,100
852,SSp-ll2/3,24,128,100
853,SSp-ll4,24,128,100
854,SSp-ll5,24,128,100
855,SSp-ll6a,24,128,100
856,SSp-ll6b,24,128,100
857,SSp-m,24,128,100
858,SSp-m1,24,128,100
859,SSp-m2/3,24,128,100
860,SSp-m4,24,128,100
861,SSp-m5,24,128,100
862,SSp-m6a,24,128,100
863,SSp-m6b,24,128,100
864,SSp-n,24,128,100
865,SSp-n1,24,128,100
866,SSp-n2/3,24,128,100
867,SSp-n4,24,128,100
868,SSp-n5,24,128,100
869,SSp-n6a,24,128,100
870,SSp-n6b,24,128,100
871,SSp-tr,24,128,100
872,SSp-tr1,24,128,100
873,SSp-tr2/3,24,128,100
874,SSp-tr4,24,128,100
875,SSp-tr5,24,128,100
876,SSp-tr6a,24,128,100
877,SSp-tr6b,24,128,100
878,SSp-ul,24,128,100
879,SSp-ul1,24,128,100
880,SSp-ul2/3,24,128,100
881,SSp-ul4,24,128,100
882,SSp-ul5,24,128,100
883,SSp-ul6a,24,128,100
884,SSp-ul6b,24,128,100
885,SSp-un,24,128,100
886,SSp-un1,24,128,100
887,SSp-un2/3,24,128,100
888,SSp-un4,24,128,100
889,SSp-un5,24,128,100
890,SSp-un6a,24,128,100
891,SSp-un6b,24,128,100
892,SSp1,24,128,100
893,SSp2/3,24,128,100
894,SSp4,24,128,100
895,SSp5,24,128,100
896,SSp6a,24,128,100
897,SSp6b,24,128,100
898,SSs,24,128,100
899,SSs1,24,128,100
900,SSs2/3,24,128,100
901,SSs4,24,128,100
902,SSs5,24,128,100
903,SSs6a,24,128,100
904,SSs6b,24,128,100
905,STN,242,72,59
906,STR,152,214,249
907,STRd,152,214,249
908,STRv,128,205,248
909,SUB,79,194,68
910,SUBd,79,194,68
911,SUBd-m,79,194,68
912,SUBd-sp,75,181,71
913,SUBd-sr,79,194,68
914,SUBv,79,194,68
915,SUBv-m,79,194,68
916,SUBv-sp,75,181,71
917,SUBv-sr,79,194,68
918,SUM,255,76,62
919,SUMl,255,76,62
920,SUMm,255,76,62
921,SUT,255,186,134
922,SUV,255,179,217
923,Su3,255,144,255
924,SubG,255,144,159
925,TEa,21,176,179
926,TEa1,21,176,179
927,TEa2/3,21,176,179
928,TEa4,21,176,179
929,TEa5,21,176,179
930,TEa6a,21,176,179
931,TEa6b,21,176,179
932,TH,255,112,128
933,TM,255,76,62
934,TMd,255,76,62
935,TMv,255,76,62
936,TR,168,236,211
937,TR1,168,236,211
938,TR1-3,168,236,211
939,TR2,168,236,211
940,TR3,168,236,211
941,TRN,255,186,134
942,TRS,150,167,211
943,TT,98,208,159
944,TTd,98,208,159
945,TTd1,98,208,159
946,TTd1-4,98,208,159
947,TTd2,98,208,159
948,TTd3,98,208,159
949,TTd4,98,208,159
950,TTv,98,208,159
951,TTv1,98,208,159
952,TTv1-3,98,208,159
953,TTv2,98,208,159
954,TTv3,98,208,159
955,TU,242,72,59
956,UVU,255,252,145
957,UVUgr,236,231,84
958,UVUmo,255,252,145
959,UVUpu,255,252,145
960,V,255,186,134
961,V3,170,170,170
962,V4,170,170,170
963,V4r,170,170,170
964,VAL,255,128,132
965,VCO,255,165,210
966,VENT,255,128,132
967,VERM,255,252,145
968,VI,255,179,217
969,VII,255,179,217
970,VIIIn,204,204,204
971,VIIn,204,204,204
972,VIS,8,133,140
973,VIS1,8,133,140
974,VIS2/3,8,133,140
975,VIS4,8,133,140
976,VIS5,8,133,140
977,VIS6a,8,133,140
978,VIS6b,8,133,140
979,VISC,17,173,131
980,VISC1,17,173,131
981,VISC2/3,17,173,131
982,VISC4,17,173,131
983,VISC5,17,173,131
984,VISC6a,17,173,131
985,VISC6b,17,173,131
986,VISa,0,159,172
987,VISa1,0,159,172
988,VISa2/3,0,159,172
989,VISa4,0,159,172
990,VISa5,0,159,172
991,VISa6a,0,159,172
992,VISa6b,0,159,172
993,VISal,8,133,140
994,VISal1,8,133,140
995,VISal2/3,8,133,140
996,VISal4,8,133,140
997,VISal5,8,133,140
998,VISal6a,8,133,140
999,VISal6b,8,133,140
1000,VISam,8,133,140
1001,VISam1,8,133,140
1002,VISam2/3,8,133,140
1003,VISam4,8,133,140
1004,VISam5,8,133,140
1005,VISam6a,8,133,140
1006,VISam6b,8,133,140
1007,VISl,8,133,140
1008,VISl1,8,133,140
1009,VISl2/3,8,133,140
1010,VISl4,8,133,140
1011,VISl5,8,133,140
1012,VISl6a,8,133,140
1013,VISl6b,8,133,140
1014,VISli,8,133,140
1015,VISli1,8,133,140
1016,VISli2/3,8,133,140
1017,VISli4,8,133,140
1018,VISli5,8,133,140
1019,VISli6a,8,133,140
1020,VISli6b,8,133,140
1021,VISlla,1,147,153
1022,VISlla1,1,147,153
1023,VISlla2/3,1,147,153
1024,VISlla4,1,147,153
1025,VISlla5,1,147,153
1026,VISlla6a,1,147,153
1027,VISlla6b,1,147,153
1028,VISm,26,166,152
1029,VISm1,26,166,152
1030,VISm2/3,26,166,152
1031,VISm4,26,166,152
1032,VISm5,26,166,152
1033,VISm6a,26,166,152
1034,VISm6b,26,166,152
1035,VISmma,26,166,152
1036,VISmma1,26,166,152
1037,VISmma2/3,26,166,152
1038,VISmma4,26,166,152
1039,VISmma5,26,166,152
1040,VISmma6a,26,166,152
1041,VISmma6b,26,166,152
1042,VISmmp,26,166,152
1043,VISmmp1,26,166,152
1044,VISmmp2/3,26,166,152
1045,VISmmp4,26,166,152
1046,VISmmp5,26,166,152
1047,VISmmp6a,26,166,152
1048,VISmmp6b,26,166,152
1049,VISp,8,133,140
1050,VISp1,8,133,140
1051,VISp2/3,8,133,140
1052,VISp4,8,133,140
1053,VISp5,8,133,140
1054,VISp6a,8,133,140
1055,VISp6b,8,133,140
1056,VISpl,8,133,140
1057,VISpl1,8,133,140
1058,VISpl2/3,8,133,140
1059,VISpl4,8,133,140
1060,VISpl5,8,133,140
1061,VISpl6a,8,133,140
1062,VISpl6b,8,133,140
1063,VISpm,8,133,140
1064,VISpm1,8,133,140
1065,VISpm2/3,8,133,140
1066,VISpm4,8,133,140
1067,VISpm5,8,133,140
1068,VISpm6a,8,133,140
1069,VISpm6b,8,133,140
1070,VISpor,8,133,140
1071,VISpor1,8,133,140
1072,VISpor2/3,8,133,140
1073,VISpor4,8,133,140
1074,VISpor5,8,133,140
1075,VISpor6a,8,133,140
1076,VISpor6b,8,133,140
1077,VISrl,0,159,172
1078,VISrl1,0,159,172
1079,VISrl2/3,0,159,172
1080,VISrl4,0,159,172
1081,VISrl5,0,159,172
1082,VISrl6a,0,159,172
1083,VISrl6b,0,159,172
1084,VISrll,24,128,100
1085,VISrll1,24,128,100
1086,VISrll2/3,24,128,100
1087,VISrll4,24,128,100
1088,VISrll5,24,128,100
1089,VISrll6a,24,128,100
1090,VISrll6b,24,128,100
1091,VIn,204,204,204
1092,VL,170,170,170
1093,VLPO,255,85,71
1094,VM,255,128,132
1095,VMH,255,76,62
1096,VMHa,255,76,62
1097,VMHc,255,76,62
1098,VMHdm,255,76,62
1099,VMHvl,255,76,62
1100,VMPO,255,85,71
1101,VNC,255,179,217
1102,VP,255,128,132
1103,VPL,255,128,132
1104,VPLpc,255,128,132
1105,VPM,255,128,132
1106,VPMpc,255,128,132
1107,VS,170,170,170
1108,VTA,255,144,255
1109,VTN,255,144,255
1110,VeCB,255,253,188
1111,Vn,204,204,204
1112,XII,255,179,217
1113,XIIn,204,204,204
1114,XIn,204,204,204
1115,Xi,255,144,159
1116,Xn,204,204,204
1117,ZI,242,72,59
1118,ab,204,204,204
1119,aco,204,204,204
1120,act,204,204,204
1121,alv,204,204,204
1122,amc,204,204,204
1123,aolt,204,204,204
1124,aot,204,204,204
1125,apd,204,204,204
1126,apf,170,170,170
1127,ar,204,204,204
1128,arb,204,204,204
1129,bct,204,204,204
1130,bic,204,204,204
1131,bsc,204,204,204
1132,c,170,170,170
1133,cVIIIn,204,204,204
1134,cbc,204,204,204
1135,cbf,204,204,204
1136,cbp,204,204,204
1137,cbt,204,204,204
1138,cc,204,204,204
1139,ccb,204,204,204
1140,ccg,204,204,204
1141,ccr,204,204,204
1142,ccs,204,204,204
1143,cct,204,204,204
1144,cett,204,204,204
1145,chfl,170,170,170
1146,chpl,170,170,170
1147,cic,204,204,204
1148,cing,204,204,204
1149,cm,204,204,204
1150,cpd,204,204,204
1151,cpt,204,204,204
1152,crt,204,204,204
1153,csc,204,204,204
1154,cst,204,204,204
1155,cstc,204,204,204
1156,cstu,204,204,204
1157,ctb,204,204,204
1158,cte,204,204,204
1159,cuf,204,204,204
1160,cvb,204,204,204
1161,das,204,204,204
1162,db,204,204,204
1163,dc,204,204,204
1164,dcm,204,204,204
1165,df,204,204,204
1166,dhc,204,204,204
1167,dl,204,204,204
1168,dlf,204,204,204
1169,drt,204,204,204
1170,dscp,204,204,204
1171,dtd,204,204,204
1172,dtt,204,204,204
1173,ec,204,204,204
1174,ee,204,204,204
1175,eg,170,170,170
1176,em,204,204,204
1177,eps,204,204,204
1178,epsc,204,204,204
1179,fa,204,204,204
1180,fi,204,204,204
1181,fiber tracts,204,204,204
1182,fp,204,204,204
1183,fpr,204,204,204
1184,fr,204,204,204
1185,fx,204,204,204
1186,fxpo,204,204,204
1187,fxprg,204,204,204
1188,fxs,204,204,204
1189,gVIIn,204,204,204
1190,grey,191,218,227
1191,grf,204,204,204
1192,grv,170,170,170
1193,grv of CBX,170,170,170
1194,grv of CTX,170,170,170
1195,hbc,204,204,204
1196,hc,204,204,204
1197,hf,170,170,170
1198,hht,204,204,204
1199,iVIIn,204,204,204
1200,iaf,204,204,204
1201,ias,204,204,204
1202,icf,170,170,170
1203,icp,204,204,204
1204,im,204,204,204
1205,int,204,204,204
1206,ipf,170,170,170
1207,isl,128,205,248
1208,islm,128,205,248
1209,jrb,204,204,204
1210,lab,204,204,204
1211,lfbs,204,204,204
1212,lfbst,204,204,204
1213,ll,204,204,204
1214,lot,204,204,204
1215,lotd,204,204,204
1216,lotg,204,204,204
1217,mcp,204,204,204
1218,mct,204,204,204
1219,mfb,204,204,204
1220,mfbc,204,204,204
1221,mfbs,204,204,204
1222,mfbse,204,204,204
1223,mfbsm,204,204,204
1224,mfbsma,204,204,204
1225,mfbst,204,204,204
1226,mfsbshy,204,204,204
1227,ml,204,204,204
1228,mlf,204,204,204
1229,moV,204,204,204
1230,mp,204,204,204
1231,mtV,204,204,204
1232,mtc,204,204,204
1233,mtg,204,204,204
1234,mtt,204,204,204
1235,nf,170,170,170
1236,nst,204,204,204
1237,ntt,204,204,204
1238,och,204,204,204
1239,oct,204,204,204
1240,onl,204,204,204
1241,opt,204,204,204
1242,or,204,204,204
1243,pap,204,204,204
1244,pc,204,204,204
1245,pce,170,170,170
1246,pcf,170,170,170
1247,per,204,204,204
1248,pfs,170,170,170
1249,php,204,204,204
1250,phpd,204,204,204
1251,phpl,204,204,204
1252,phpm,204,204,204
1253,phpv,204,204,204
1254,plf,170,170,170
1255,pm,204,204,204
1256,pms,170,170,170
1257,pmx,204,204,204
1258,poc,204,204,204
1259,ppf,170,170,170
1260,pri,170,170,170
1261,psf,170,170,170
1262,ptf,204,204,204
1263,pvbh,204,204,204
1264,pvbt,204,204,204
1265,py,204,204,204
1266,pyd,204,204,204
1267,rct,204,204,204
1268,retina,127,46,126
1269,rf,170,170,170
1270,ri,170,170,170
1271,root,255,255,255
1272,rrt,204,204,204
1273,rst,204,204,204
1274,rstl,204,204,204
1275,rstm,204,204,204
1276,rust,204,204,204
1277,sAMY,128,192,226
1278,sV,204,204,204
1279,scp,204,204,204
1280,scrt,204,204,204
1281,sct,204,204,204
1282,sctd,204,204,204
1283,sctv,204,204,204
1284,scwm,204,204,204
1285,sec,170,170,170
1286,shp,204,204,204
1287,sif,170,170,170
1288,sm,204,204,204
1289,smd,204,204,204
1290,snp,204,204,204
1291,sop,204,204,204
1292,sptV,204,204,204
1293,srp,204,204,204
1294,sst,204,204,204
1295,st,204,204,204
1296,stc,204,204,204
1297,step,204,204,204
1298,stf,204,204,204
1299,stp,204,204,204
1300,sttl,204,204,204
1301,sttv,204,204,204
1302,sup,204,204,204
1303,supa,204,204,204
1304,supd,204,204,204
1305,supv,204,204,204
1306,svp,204,204,204
1307,tb,204,204,204
1308,tct,204,204,204
1309,tn,204,204,204
1310,tp,204,204,204
1311,ts,204,204,204
1312,tsp,204,204,204
1313,tspc,204,204,204
1314,tspd,204,204,204
1315,ttp,204,204,204
1316,uf,204,204,204
1317,vVIIIn,204,204,204
1318,vc,204,204,204
1319,vhc,204,204,204
1320,vlt,204,204,204
1321,von,204,204,204
1322,vrt,204,204,204
1323,vsp,204,204,204
1324,vtd,204,204,204
1325,x,255,179,217
1326,y,255,179,217
1327,z,255,165,210
